{"1":2,"3":[-1,2,-3.005640e+00,4.356560e+00],"hello":true}